Workbook

Sheet Cómo se usa
A1: Plataforma IWL · pruebas
C2: Recorrido de todos los módulos. Una fila por cosa que probar.
A4: Cómo se rellena
A5: Resultado | B5: OK / Falla / A medias / Bloqueado / No aplica | C5: Es un desplegable: se pinta solo del color que toca.
A6: Gravedad | B6: Bloqueante / Importante / Menor / Cosmético | C6: Solo si falla. Bloqueante es lo que impide seguir probando o no se puede enseñar a nadie.
A7: Comentarios | B7: Texto libre | C7: Qué viste exactamente. Si puedes, con qué datos y en qué pantalla. Una captura vale por tres frases.
A9: Para moverse
A10: Filtros | B10: Fila 1 | C10: Cada columna filtra. Para hacer un módulo entero, filtra por Módulo.
A11: Columnas congeladas | B11: Nº a Entra como | C11: Se quedan fijas al desplazar a la derecha.
A12: Resumen | B12: Pestaña «Resumen» | C12: Cuenta sola según vas rellenando. No hay que tocar nada.
A14: Dónde probar
A15: En la nube | B15: https://iwl-platform.vercel.app | C15: Lo que de verdad va a usar la gente. Ojo: lo que escribas aquí queda.
A16: En local | B16: npm run db:reset && npm run dev | C16: Para romper cosas sin miedo. Se reinicia entero en un minuto.
A17: Correos en local | B17: http://127.0.0.1:54324 | C17: Los enlaces de entrada no salen a internet: caen en esa bandeja.
A19: Con qué cuenta entrar (en local)
A20: Contraseña común | B20: iwl-local-2026 | C20: Solo en local. En la nube cada cuenta tiene la suya, en .accesos-nube.md
A21: admin@iwl.test | B21: admin_iwl | C21: Todo, incluida la configuración del programa
A22: programa@iwl.test | B22: equipo_iwl | C22: Toda la cartera, pero no la configuración
A23: revisor@niage.test | B23: revisor_niage | C23: Marea Clínica y Raíz Sensórica
A24: revisor2@niage.test | B24: revisor_niage | C24: Vega Predictiva
A25: mentor@iwl.test | B25: mentor | C25: Coordina Marea Clínica, apoya en Raíz Sensórica
A26: mentor2@iwl.test | B26: mentor | C26: Coordina Raíz Sensórica, apoya en Marea Clínica
A27: fundadora@marea.test | B27: fundadora | C27: Marea Clínica
A28: fundadora@vega.test | B28: fundadora | C28: Vega Predictiva
A29: fundadora@raiz.test | B29: fundadora | C29: Raíz Sensórica
A30: cto@marea.test | B30: fundadora | C30: Marea Clínica, como segunda del equipo
A32: Por dónde empezar
A33: 1 | B33: Módulos 2 a 7 | C33: El embudo de punta a punta: convocatoria, candidatura, NDA, acuerdo y firma. Es lo más nuevo y lo menos rodado.
A34: 2 | B34: Módulo 21 | C34: Permisos. Entrando como quien MENOS puede: ahí es donde se ven los agujeros.
A35: 3 | B35: El resto | C35: Por orden, o por lo que más te interese enseñar.
A37: Dos cosas que conviene saber
A38: Lo sin medir no es un cero | C38: Un proyecto sin evaluar tiene que parecer sin evaluar («—»), no malo. Si ves un 0, es un fallo.
A39: Nadie valida su propio trabajo | C39: Una fundadora no puntúa ni valida sus puntos. Si en algún sitio puede, es un fallo grave.

Sheet Pruebas
A1: Nº | B1: Módulo | C1: Pantalla | D1: Entra como | E1: Qué se prueba | F1: Pasos | G1: Qué debería pasar | H1: Resultado | I1: Gravedad | J1: Comentarios
A2: 1.01 | B2: 1. Acceso y cuentas | C2: /entrar | D2: admin@iwl.test | E2: Entrar con correo y contraseña | F2: Escribir correo y contraseña y pulsar Entrar. | G2: Entra y aterriza en la cartera. | H2: OK | J2: RONDA 1 · Carlos y Cecilia salen sin compañía asignada, no se puede ver nada. Juan tiene otra interfaz, diferente al resto
A3: 1.02 | B3: 1. Acceso y cuentas | C3: /entrar | D3: cualquiera | E3: Contraseña equivocada | F3: Escribir una contraseña que no es y pulsar Entrar. | G3: Dice qué ha pasado y qué hacer, sin signos de exclamación. No se queda colgado.
A4: 1.03 | B4: 1. Acceso y cuentas | C4: /entrar | D4: — | E4: No hay autoservicio | F4: Buscar en la pantalla de entrada alguna forma de crear una cuenta. | G4: No la hay. Las cuentas las crea la dirección de IWL.
A5: 1.04 | B5: 1. Acceso y cuentas | C5: / | D5: fundadora@marea.test | E5: La raíz lleva a donde toca según quién eres | F5: Entrar y abrir la dirección raíz. | G5: Una fundadora cae en su proyecto; IWL, en la cartera.
A6: 1.05 | B6: 1. Acceso y cuentas | C6: /cartera | D6: fundadora@marea.test | E6: Una fundadora no entra en la cartera | F6: Estando dentro como fundadora, escribir /cartera en la barra de direcciones. | G6: La devuelve a su proyecto. No ve la cartera ni de refilón.
A7: 1.06 | B7: 1. Acceso y cuentas | C7: /admin | D7: programa@iwl.test | E7: El equipo de IWL no configura el programa | F7: Entrar como equipo_iwl y escribir /admin en la barra. | G7: No entra. La configuración es solo de la dirección.
A8: 1.07 | B8: 1. Acceso y cuentas | C8: /perfil | D8: fundadora@marea.test | E8: Cambiar mi propia contraseña | F8: Abrir Mi cuenta, poner contraseña nueva y guardar. Salir y volver a entrar con ella. | G8: Se guarda y la nueva funciona.
A9: 1.08 | B9: 1. Acceso y cuentas | C9: /sin-compania | D9: una cuenta recién creada | E9: Quien no tiene compañía lo entiende | F9: Entrar con una cuenta recién creada y sin asignar. | G9: Dice qué pasa y a quién pedírselo, no una pantalla en blanco.
A10: 1.09 | B10: 1. Acceso y cuentas | C10: Cualquiera | D10: — | E10: Salir | F10: Pulsar Salir desde cualquier pantalla. | G10: Vuelve a /entrar y la sesión queda cerrada de verdad (atrás no reabre nada).
A11: 2.01 | B11: 2. Convocatoria | C11: /embudo | D11: admin@iwl.test | E11: Abrir la convocatoria de una cohorte | F11: Embudo → Convocatoria → elegir cohorte, marcar abierta, guardar. | G11: Confirma. Arriba aparece el aviso de que esa convocatoria está abierta. | H11: OK | J11: RONDA 1 · Me parece un poco raro como está explicado o como marcar abierta o cerrada
A12: 2.02 | B12: 2. Convocatoria | C12: /embudo | D12: admin@iwl.test | E12: La dirección que se reparte está a la vista | F12: Con la convocatoria abierta, mirar el bloque «Reparte esta dirección» y pulsar Copiar. | G12: Se ve la dirección entera y se copia al portapapeles.
A13: 2.03 | B13: 2. Convocatoria | C13: /presentarse | D13: sin cuenta | E13: Con la convocatoria abierta, el formulario sale | F13: Abrir la dirección copiada en una ventana privada. | G13: Sale el formulario de candidatura, sin pedir cuenta.
A14: 2.04 | B14: 2. Convocatoria | C14: /embudo | D14: admin@iwl.test | E14: Cerrar la convocatoria | F14: Desmarcar abierta y guardar. Volver a abrir /presentarse en ventana privada. | G14: Dice que no hay convocatoria en curso Y da una dirección de correo para avisar. Antes decía «escríbenos» sin decir dónde. | H14: OK | J14: RONDA 1 · Hay un mensaje que dice: "si quieres que te avísemos, escríbenos" Ahí quizás se debería de dar el tipo de contacto que se requiera para que nos escriban, un correo, el instagram, etc
A15: 2.05 | B15: 2. Convocatoria | C15: /embudo | D15: admin@iwl.test | E15: Fecha de cierre | F15: Abrir la convocatoria con una fecha de cierre y mirar el texto de arriba. | G15: Dice hasta cuándo está abierta.
A16: 3.01 | B16: 3. Presentar candidatura | C16: /presentarse | D16: sin cuenta | E16: Presentarse con todo relleno | F16: Rellenar los campos, dejar dos enlaces de Drive y enviar. | G16: «Recibida. Gracias.» y debajo el enlace privado con botón de copiar. | H16: OK | J16: RONDA 1 · Igual que antes, mensaje de "escríbenos" pero no dice donde
A17: 3.02 | B17: 3. Presentar candidatura | C17: /presentarse | D17: sin cuenta | E17: Solo lo obligatorio | F17: Rellenar lo que lleva asterisco: startup, en qué punto estáis, tu nombre y tu correo. Enviar. | G17: Se acepta. El resto es opcional de verdad. | H17: OK | J17: RONDA 1 · Añadir el típico asterisco luego de el espacio a rellenar para que se identifique como obligatorio
A18: 3.03 | B18: 3. Presentar candidatura | C18: /presentarse | D18: sin cuenta | E18: La etapa no se puede esquivar | F18: Mirar el desplegable «¿En qué punto estáis?» e intentar enviar sin tocarlo. | G18: Ya no existe «Prefiero no decirlo». Pone «Elige una» y no deja enviar sin elegir.
A19: 3.04 | B19: 3. Presentar candidatura | C19: /presentarse | D19: sin cuenta | E19: Un porcentaje escrito a mano (el caso dronesec) | F19: En «Liderazgo femenino (%)» escribir «50 %». También probar «33,3». | G19: Se acepta. Llega como número, no se rechaza por el signo ni por la coma. | H19: Falla | I19: Menor | J19: RONDA 1 · Si que rechaza el signo y la coma, no lo dice pero es por eso
A20: 3.05 | B20: 3. Presentar candidatura | C20: /presentarse | D20: sin cuenta | E20: Cuando algo falla, se dice cuál y no se borra nada | F20: Rellenarlo entero y poner «la mitad» en el porcentaje. Enviar. | G20: Dice «Revisa este campo: liderazgo femenino», lo marca en rojo, y TODO lo demás sigue escrito.
A21: 3.06 | B21: 3. Presentar candidatura | C21: /presentarse | D21: sin cuenta | E21: Correo mal escrito | F21: Poner un correo sin arroba y enviar. | G21: Lo señala sin perder el resto de lo escrito.
A22: 3.07 | B22: 3. Presentar candidatura | C22: /candidatura/<testigo> | D22: sin cuenta | E22: El enlace privado abre su candidatura | F22: Pegar el enlace que dio el formulario en otra ventana. | G22: Ve su nombre, el estado «Recibida» y lo que mandó.
A23: 3.08 | B23: 3. Presentar candidatura | C23: /candidatura/<testigo> | D23: sin cuenta | E23: Añadir material que se olvidó | F23: En su enlace, Añadir un documento: título y URL. Añadir. | G23: «Añadido. Gracias.» y el documento aparece en la lista.
A24: 3.09 | B24: 3. Presentar candidatura | C24: /candidatura/xxxx | D24: sin cuenta | E24: Un enlace inventado no dice si existe | F24: Escribir un testigo cualquiera inventado. | G24: 404 a secas. No distingue entre «no existe» y «no es tuyo». | J24: RONDA 1 · No entiendo este punto
A25: 4.01 | B25: 4. Alta a mano | C25: /embudo | D25: admin@iwl.test | E25: Dar de alta una candidatura conocida en un evento | F25: Embudo → Dar de alta una candidatura a mano: cohorte, nombre, contacto, correo. | G25: Confirma que entra en el embudo y aparece en la lista de abiertas.
A26: 4.02 | B26: 4. Alta a mano | C26: /embudo/<id> | D26: admin@iwl.test | E26: El enlace de la invitada se ve para mandarlo | F26: Abrir su ficha en el embudo y buscar el enlace privado. | G26: Está a la vista, se puede copiar y mandar a mano.
A27: 4.03 | B27: 4. Alta a mano | C27: /candidatura/<testigo> | D27: sin cuenta | E27: A la invitada se le pide que se presente | F27: Abrir el enlace de una candidatura dada de alta por IWL. | G27: Dice «Cuéntanos quiénes sois», NO «Recibida, gracias». Y tiene formulario para contarlo.
A28: 4.04 | B28: 4. Alta a mano | C28: /candidatura/<testigo> | D28: sin cuenta | E28: La invitada completa su propia ficha | F28: Rellenar descripción, punto en que están, web, equipo. Guardar. | G28: «Guardado. Gracias.» y lo escrito queda visible.
A29: 4.05 | B29: 4. Alta a mano | C29: /candidatura/<testigo> | D29: sin cuenta | E29: Un formulario a medias no borra lo que ya había | F29: IWL apunta el sector al dar de alta; ella deja ese campo vacío y guarda. | G29: El sector se queda como estaba. No se vacía.
A30: 5.01 | B30: 5. Recorrido del embudo | C30: /embudo | D30: admin@iwl.test | E30: La foto del embudo cuadra | F30: Mirar las cuatro cifras de arriba y el recorrido paso a paso. | G30: En proceso, firmadas, descartadas y conversión cuadran con las listas de abajo.
A31: 5.02 | B31: 5. Recorrido del embudo | C31: /embudo | D31: admin@iwl.test | E31: La conversión no miente con pocos datos | F31: Mirar la conversión con menos de cinco candidaturas cerradas. | G31: Pone «—» y explica que hacen falta cinco. No inventa un porcentaje.
A32: 5.03 | B32: 5. Recorrido del embudo | C32: /embudo/<id> | D32: admin@iwl.test | E32: Mover de paso | F32: Pasar una candidatura de presentada a en revisión, y luego a reunión. | G32: Cambia el paso y queda anotado en el historial con fecha.
A33: 5.04 | B33: 5. Recorrido del embudo | C33: /embudo/<id> | D33: admin@iwl.test | E33: Anotar lo que pasó en la reunión | F33: Anotar un evento con lo hablado en la reunión y en el comité. | G33: Queda en el historial, lo más reciente arriba.
A34: 5.05 | B34: 5. Recorrido del embudo | C34: /embudo/<id> | D34: admin@iwl.test | E34: Preseleccionar | F34: Mover a preseleccionada después del comité. | G34: Cambia de paso y la cuenta del recorrido se mueve con ella. | H34: OK | J34: RONDA 1 · Hay 2 maneras de moverlo, con el botón o el desplegable, si la muevo con el boton, y luego la vuelvo a mover con el desplegable, se queda pegado los dos iconos de "movido" a cada lado
A35: 5.06 | B35: 5. Recorrido del embudo | C35: /embudo/<id> | D35: admin@iwl.test | E35: Descartar con su motivo | F35: Descartar una candidatura escribiendo el motivo. | G35: Sale de las abiertas, entra en descartadas, y queda apuntado EN QUÉ PASO se cayó.
A36: 5.07 | B36: 5. Recorrido del embudo | C36: /embudo | D36: admin@iwl.test | E36: Dónde se cae la gente | F36: Mirar el bloque de descartadas y las pastillas por paso. | G36: Dice cuántas se cayeron en cada paso. Es la pregunta por la que se cambia un proceso.
A37: 5.08 | B37: 5. Recorrido del embudo | C37: /embudo/<id> | D37: admin@iwl.test | E37: Reabrir una descartada | F37: Reabrir una que se descartó por error. | G37: Vuelve a las abiertas, al paso donde estaba. | H37: OK | J37: RONDA 1 · Al tener enlaces añadidos, la interfaz se desfasa
A38: 5.09 | B38: 5. Recorrido del embudo | C38: /candidatura/<testigo> | D38: sin cuenta | E38: La descartada NO lee el motivo | F38: Abrir el enlace de una candidatura descartada. | G38: Dice «Proceso cerrado» y que se lo contarán. El motivo NO aparece, y tampoco la caja de documentos vacía reprochándole lo que no mandó. | H38: OK | J38: RONDA 1 · Lo único, aparece también el recuadro de "Lo que nos has mandado. Todavía no nos has mandado ningún documento"
A39: 5.10 | B39: 5. Recorrido del embudo | C39: /candidatura/<testigo> | D39: sin cuenta | E39: La candidata ve momentos, no jerga | F39: Mirar el enlace de una que está en comité. | G39: Dice «En estudio». No dice «comité» ni el paso exacto, y NO le pide que se presente: ya hemos hablado con ella. | H39: Falla | I39: Importante | J39: RONDA 1 · Aparece todo el formulario de "cuentanos quienes sois"
A40: 5.11 | B40: 5. Recorrido del embudo | C40: /candidatura/<testigo> | D40: sin cuenta | E40: Corregir un dato estando ya avanzada | F40: En una candidatura en comité, buscar cómo cambiar la web o el teléfono. | G40: Está plegado bajo «Corregir nuestros datos». Existe, pero no es lo primero que ve.
A41: 6.01 | B41: 6. NDA y DD de candidata | C41: /embudo/<id> | D41: admin@iwl.test | E41: Al llegar al NDA se piden los documentos | F41: Mover una preseleccionada al paso de NDA. | G41: Aparece sola la lista de documentos que hay que pedirle para el due diligence. | H41: A medias | I41: Menor | J41: RONDA 1 · Si que aparece sola la lista pero si por algún casual ese candidato baja a un paso anterior, sigue apareciendo la lista de documentos a entregar
A42: 6.02 | B42: 6. NDA y DD de candidata | C42: /embudo/<id> | D42: admin@iwl.test | E42: Si la candidatura retrocede, los deberes desaparecen | F42: Con una en due diligence, devolverla a comité y mirar su enlace. | G42: Ya no le pide documentos. Lo que entregó NO se borra: vuelve a salir si se la devuelve a diligencia.
A43: 6.03 | B43: 6. NDA y DD de candidata | C43: /embudo/<id> | D43: admin@iwl.test | E43: Pedir un documento concreto de más | F43: Añadir una petición con su nombre y para cuándo. | G43: Se añade a la lista y ella la ve en su pantalla.
A44: 6.04 | B44: 6. NDA y DD de candidata | C44: /embudo/<id> | D44: admin@iwl.test | E44: Darle cuenta para el due diligence | F44: Pulsar «Darle cuenta para el due diligence». | G44: Enseña el correo y la contraseña UNA SOLA VEZ, y avisa de que no se vuelve a enseñar. Copiarla.
A45: 6.05 | B45: 6. NDA y DD de candidata | C45: /candidatura/<testigo> | D45: sin cuenta | E45: El enlace privado deja de valer | F45: Después de darle cuenta, abrir el enlace privado de antes. | G45: 404. Desde que tiene cuenta, se entra por la puerta.
A46: 6.06 | B46: 6. NDA y DD de candidata | C46: /entrar → /candidatura | D46: la candidata | E46: Entra con su cuenta y aterriza en lo suyo | F46: Entrar con el correo y la contraseña que se enseñaron. | G46: Cae en /candidatura, con su nombre y lo que le piden. NO en «no tienes compañía».
A47: 6.07 | B47: 6. NDA y DD de candidata | C47: /candidatura | D47: la candidata | E47: Sube un documento del due diligence | F47: Elegir una petición y subir el fichero. | G47: Queda entregado y ella lo ve. El fichero es privado: no hay URL pública.
A48: 6.08 | B48: 6. NDA y DD de candidata | C48: /embudo/<id> | D48: admin@iwl.test | E48: IWL abre lo que entregó | F48: Abrir desde la ficha el documento que subió. | G48: Se descarga o se abre con enlace firmado y caducable.
A49: 7.01 | B49: 7. Acuerdo y firma | C49: /embudo/<id> | D49: admin@iwl.test | E49: Fijar la etapa tras el due diligence | F49: En el bloque «El acuerdo», el campo «Etapa, tras el due diligence». | G49: Se guarda y AL RECARGAR sigue puesta: el desplegable ya no vuelve a donde estaba. Es la etapa que hereda la compañía al firmar. | J49: RONDA 1 · No lo entiendo/encuentro/no está
A50: 7.02 | B50: 7. Acuerdo y firma | C50: /embudo/<id> | D50: admin@iwl.test | E50: Armar el acuerdo con el equity | F50: Escribir lo que aporta IWL y el equity que se pide. Guardar. | G50: Queda guardado y visible en el bloque de NDA, estado y equity. | H50: OK | J50: RONDA 1 · El estado no se "guarda" del todo, el desplegable vuelve a donde estaba. Pero si recargas la página se puede que si quedó guardado
A51: 7.03 | B51: 7. Acuerdo y firma | C51: /embudo/<id> | D51: admin@iwl.test | E51: Firmar el acuerdo | F51: Pulsar firmar con la fecha. | G51: Pasa a firmada, SE CREA LA COMPAÑÍA, y aparece el enlace «Ver su ficha».
A52: 7.04 | B52: 7. Acuerdo y firma | C52: /cartera/<slug> | D52: admin@iwl.test | E52: La compañía nace con lo del embudo | F52: Abrir la ficha recién creada desde el enlace. | G52: Trae nombre, sector, descripción y etapa. No hay que volver a teclear nada.
A53: 7.05 | B53: 7. Acuerdo y firma | C53: /proyecto/diligencia | D53: la fundadora | E53: La compañía lee su expediente de candidatura | F53: Entrar como la fundadora de la compañía recién creada y buscar sus documentos. | G53: Los ve. NO están duplicados: se leen del expediente, no se copiaron. | H53: A medias | I53: Importante | J53: RONDA 1 · Mucho lío al subir/aprobar documentos, lo que hablamos, hace falta un enlace para subir los documentos en cada requerimiento. Añadir también un check de que está aprobado o algo así
A54: 7.06 | B54: 7. Acuerdo y firma | C54: /embudo/<id> | D54: admin@iwl.test | E54: Una firmada no se edita | F54: Intentar cambiar el equity de una ya firmada, y guardar. | G54: Lo rechaza diciendo que ya está firmada. Lo impide la base, no la pantalla: forzarlo tampoco vale. | H54: Falla | I54: Importante | J54: RONDA 1 · Si deja cambiarlo
A55: 8.01 | B55: 8. Cartera y cohorte | C55: /cartera | D55: programa@iwl.test | E55: La cohorte de un vistazo | F55: Abrir la cartera y recorrer la pantalla de arriba abajo. | G55: Cifras de cabecera, cohorte, scorecards y siguientes pasos, sin texto cortado ni solapes.
A56: 8.02 | B56: 8. Cartera y cohorte | C56: /cartera | D56: admin@iwl.test | E56: Subir el logo de una startup | F56: Al lado de una compañía, subir una imagen de logo. | G56: Se ve el logo en su sitio y la confirmación NO desaparece sola.
A57: 8.03 | B57: 8. Cartera y cohorte | C57: /cartera | D57: admin@iwl.test | E57: Quitar un logo | F57: Quitar el logo de una compañía. | G57: Vuelve a las iniciales y lo confirma.
A58: 8.04 | B58: 8. Cartera y cohorte | C58: /cartera | D58: programa@iwl.test | E58: Preparación en el tiempo | F58: Mirar el gráfico y su texto de abajo. | G58: Se lee entero, sin recortes. Cada serie lleva etiqueta de texto, no solo color.
A59: 8.05 | B59: 8. Cartera y cohorte | C59: /cartera | D59: programa@iwl.test | E59: Siguientes pasos llevan a donde se hacen | F59: Pulsar un paso de «Siguientes pasos», en la cartera y en la ficha de una compañía. | G59: Abre la sección donde se actúa: un hallazgo lleva al DD técnico, un hito del Anexo a Programa, el runway a KPI. | H59: Falla | J59: RONDA 1 · No llevan a ningún lado, no es clickable
A60: 8.06 | B60: 8. Cartera y cohorte | C60: /cartera | D60: programa@iwl.test | E60: Una compañía archivada no sale | F60: Archivar una desde Administración y volver a la cartera. | G60: Deja de aparecer en la cohorte. No se ha borrado nada.
A61: 8.07 | B61: 8. Cartera y cohorte | C61: /cartera/<slug> | D61: programa@iwl.test | E61: Entrar en una compañía | F61: Pulsar sobre una compañía de la lista. | G61: Abre su resumen con las ocho secciones arriba. | J61: RONDA 1 · No lo entiendo/encuentro/no está
A62: 9.01 | B62: 9. Comparativa | C62: /comparativa | D62: programa@iwl.test | E62: ¿Quién va por delante? | F62: Mirar el primer gráfico. | G62: Barras con el % del objetivo de SU etapa alcanzado. 100 es llegar. No niveles brutos.
A63: 9.02 | B63: 9. Comparativa | C63: /comparativa | D63: programa@iwl.test | E63: ¿Dónde flojea la cohorte? | F63: Mirar el segundo gráfico. | G63: Dimensiones ordenadas por brecha media, lo peor arriba, con cuántas compañías están por debajo.
A64: 9.03 | B64: 9. Comparativa | C64: /comparativa | D64: programa@iwl.test | E64: Las cifras exactas siguen estando | F64: Bajar al final de la página. | G64: La tabla «Las cifras, una a una» está ahí para cuando hace falta el dato exacto.
A65: 9.04 | B65: 9. Comparativa | C65: /comparativa | D65: programa@iwl.test | E65: Runway, MRR y preparación | F65: Mirar los tres bloques de tracción. | G65: Cuadran con lo cargado en KPI de cada compañía.
A66: 9.05 | B66: 9. Comparativa | C66: /comparativa | D66: programa@iwl.test | E66: Lo sin medir no es un cero | F66: Mirar una compañía sin evaluar todavía. | G66: Aparece como no evaluada («—»), NO como un cero ni la última del ranking.
A67: 10.01 | B67: 10. Resumen de compañía | C67: /cartera/<slug> | D67: programa@iwl.test | E67: La cabecera dice dónde está | F67: Mirar score técnico, preparación, semáforo, fase, etapa y perfil. | G67: Cuadran con lo evaluado. El semáforo explica su motivo. | J67: RONDA 1 · No lo entiendo/encuentro/no está
A68: 10.02 | B68: 10. Resumen de compañía | C68: /cartera/<slug> | D68: programa@iwl.test | E68: Movimiento frente a la línea base | F68: Mirar la variación al lado de cada score. | G68: Dice cuánto se ha movido desde que se congeló la línea base. | J68: RONDA 1 · No lo entiendo/encuentro/no está
A69: 10.03 | B69: 10. Resumen de compañía | C69: /cartera/<slug> | D69: programa@iwl.test | E69: Sin evaluar parece sin evaluar | F69: Abrir una compañía a la que nadie ha puntuado. | G69: Los scores ponen «—». No hay un 0 que parezca una mala nota.
A70: 10.04 | B70: 10. Resumen de compañía | C70: /proyecto | D70: fundadora@marea.test | E70: La fundadora ve lo mismo en papel blanco | F70: Entrar como fundadora y abrir su proyecto. | G70: Mismos datos, tema claro, y solo lo suyo.
A71: 11.01 | B71: 11. Hoja de ruta | C71: /admin/rutas | D71: admin@iwl.test | E71: Crear una plantilla de hoja de ruta | F71: Crear plantilla, añadirle etapas e hitos. | G71: Se guarda y queda disponible para instanciar.
A72: 11.02 | B72: 11. Hoja de ruta | C72: /cartera/<slug>/ruta | D72: admin@iwl.test | E72: Diseñar la hoja de ruta de una compañía | F72: Instanciar la plantilla sobre una compañía. | G72: Se COPIAN las etapas e hitos. Queda la hoja de ruta montada. | J72: RONDA 1 · No lo entiendo/encuentro/no está
A73: 11.03 | B73: 11. Hoja de ruta | C73: /admin/rutas | D73: admin@iwl.test | E73: Editar la plantilla no toca lo que está en marcha | F73: Cambiar un hito de la plantilla y volver a la hoja de ruta ya instanciada. | G73: La de la compañía NO cambia. Y al revés tampoco.
A74: 11.04 | B74: 11. Hoja de ruta | C74: /cartera/<slug>/ruta | D74: admin@iwl.test | E74: Crear, editar y borrar una etapa | F74: Añadir una etapa, renombrarla y borrarla con «Borrar la etapa». | G74: Las tres funcionan. Al borrar avisa de qué pasa con sus hitos: no se borran, se quedan sueltos. | J74: RONDA 1 · No deja borrarla
A75: 11.05 | B75: 11. Hoja de ruta | C75: /cartera/<slug>/ruta | D75: admin@iwl.test | E75: Crear y mover un hito | F75: Añadir un hito con «Añadir un hito», y moverlo con el desplegable de su fila. | G75: Cambia de carril y conserva lo demás. Un hito suelto también se puede colocar en una etapa. | J75: RONDA 1 · Eso no lo veo tampoco
A76: 11.06 | B76: 11. Hoja de ruta | C76: /cartera/<slug>/ruta | D76: admin@iwl.test | E76: Fijar el estado de entrada | F76: Marcar en qué punto entró la compañía. | G76: Queda fijado y sirve de referencia para el avance.
A77: 11.07 | B77: 11. Hoja de ruta | C77: /proyecto/ruta | D77: fundadora@marea.test | E77: La fundadora registra un avance | F77: Registrar un avance sobre un hito. | G77: Cae en su carril, con su fecha, y se ve desde IWL.
A78: 11.08 | B78: 11. Hoja de ruta | C78: /proyecto/ruta | D78: fundadora@marea.test | E78: Borrar un avance mal metido | F78: Borrar el avance que se acaba de registrar. | G78: Desaparece y el hito vuelve a su estado anterior.
A79: 11.09 | B79: 11. Hoja de ruta | C79: /cartera/<slug>/ruta | D79: programa@iwl.test | E79: Un hito que condiciona el estado invertible | F79: Marcar un hito como condicionante y dejarlo sin cumplir. | G79: El semáforo de invertible lo refleja y dice por qué. | J79: RONDA 1 · No estoy entiendo del todo bien esto de los hitos, etapas, moverlos, borrarlos, etc. Esto del semáforo tampoco lo entiendo
A80: 12.01 | B80: 12. Programa y Anexo | C80: /cartera/<slug>/programa | D80: admin@iwl.test | E80: Abrir el Anexo donde no hay ninguno | F80: En una compañía recién creada: Programa y Anexo → «Abrir el Anexo». | G80: Aparece el Anexo en borrador con sus campos. Antes aquí no había por dónde empezar y eso bloqueaba horas y aportación.
A81: 12.02 | B81: 12. Programa y Anexo | C81: /cartera/<slug>/programa | D81: admin@iwl.test | E81: Rellenar el Anexo | F81: Poner duración, horas comprometidas y equity. Probar a escribir «7,5 %» en el equity. | G81: Se guarda, y el porcentaje con coma y signo se admite.
A82: 12.03 | B82: 12. Programa y Anexo | C82: /cartera/<slug>/programa | D82: admin@iwl.test | E82: No se firma un Anexo vacío | F82: Abrir otro Anexo y pulsar firmar sin rellenar nada. | G82: No deja: pide al menos la duración y las horas. Lo firmado ya no se edita.
A83: 12.04 | B83: 12. Programa y Anexo | C83: /cartera/<slug>/programa | D83: admin@iwl.test | E83: Firmar el Anexo | F83: Con la duración y las horas puestas, firmar. | G83: Pasa a «Firmado el …» y el formulario de edición desaparece. A partir de ahí se abre otra versión, no se edita.
A84: 12.05 | B84: 12. Programa y Anexo | C84: /cartera/<slug>/programa | D84: admin@iwl.test | E84: Los hitos ya acordados del Anexo | F84: Mirar el bloque de hitos del Anexo y cambiar el estado de uno. | G84: Cambia y queda registrado. | J84: RONDA 1 · A partir de aquí un poco igual, no me sale para impartir horas ni nada, he probado con otra fundadora que tenía más cosas añadidas y tampoco. Creo que hay algo que no hecho/entendido y ya se me ha hecho una bola para continuar
A85: 12.06 | B85: 12. Programa y Anexo | C85: /cartera/<slug>/programa | D85: mentor@iwl.test | E85: Registrar horas | F85: Imputar horas a una partida del Anexo. | G85: Se guardan con la tarifa COPIADA en la línea, no referenciada. | J85: RONDA 1 · En todos me aparece que el Anexo no está firmado pero tampoco veo el como firmarlo
A86: 12.07 | B86: 12. Programa y Anexo | C86: /admin/programa | D86: admin@iwl.test | E86: Cambiar una tarifa no reescribe el histórico | F86: Cambiar la tarifa de un perfil y volver al extracto de horas de antes. | G86: Las líneas viejas conservan la tarifa que tenían. Solo las nuevas usan la nueva.
A87: 12.08 | B87: 12. Programa y Anexo | C87: /cartera/<slug>/programa | D87: programa@iwl.test | E87: Entregado sobre comprometido | F87: Mirar el compromiso del Anexo frente a lo entregado. | G87: Las dos cifras cuadran con las horas registradas.
A88: 12.09 | B88: 12. Programa y Anexo | C88: /proyecto/programa | D88: fundadora@marea.test | E88: La fundadora objeta una imputación | F88: Objetar una línea de horas. | G88: Queda la objeción anotada y visible para IWL.
A89: 12.10 | B89: 12. Programa y Anexo | C89: /cartera/<slug>/programa | D89: admin@iwl.test | E89: Un Anexo firmado no se edita | F89: Intentar cambiar una partida de un Anexo ya firmado. | G89: No deja. Lo firmado está congelado.
A90: 13.01 | B90: 13. Aportación de IWL | C90: /cartera/<slug>/aportacion | D90: mentor@iwl.test | E90: Registrar una aportación | F90: Registrar una sesión o una aportación con sus horas. | G90: Se guarda y suma en horas y valor. | J90: RONDA 1 · Igual, anexo no firmado así que no puedo hacer nada, he intentado seguir creando un nuevo fundador con todo firmado de nuevo y nada, me sigue diciendo anexo no firmado
A91: 13.02 | B91: 13. Aportación de IWL | C91: /cartera/<slug>/aportacion | D91: programa@iwl.test | E91: Quién ha aportado | F91: Mirar el desglose por persona. | G91: Cuadra con lo registrado, con nombre y horas.
A92: 13.03 | B92: 13. Aportación de IWL | C92: /proyecto/aportacion | D92: fundadora@marea.test | E92: La fundadora ve lo que ha recibido | F92: Abrir Aportación de IWL como fundadora. | G92: Ve horas y valor de mercado de lo que ha recibido.
A93: 14.01 | B93: 14. Due diligence técnico | C93: /cartera/<slug>/tecnico | D93: revisor@niage.test | E93: Abrir una evaluación donde no había ninguna | F93: En una compañía recién creada: Due diligence técnico → «Abrir la evaluación técnica». | G93: Aparece el scorecard con el aviso «En borrador». Antes aquí no había por dónde empezar.
A94: 14.02 | B94: 14. Due diligence técnico | C94: /proyecto/tecnico | D94: la fundadora | E94: La compañía NO ve el borrador | F94: Con la evaluación en borrador, mirar la sección como fundadora. | G94: Sigue diciendo que no hay evaluación publicada. El borrador es solo de quien evalúa.
A95: 14.03 | B95: 14. Due diligence técnico | C95: /cartera/<slug>/tecnico | D95: revisor@niage.test | E95: Publicar la evaluación | F95: Puntuar al menos una dimensión, escribir el resumen y publicar. | G95: Se publica y la compañía ya la ve. Sin nada puntuado NO deja publicar.
A96: 14.04 | B96: 14. Due diligence técnico | C96: /cartera/<slug>/tecnico | D96: revisor@niage.test | E96: Puntuar una dimensión | F96: Ajustar puntuación de una dimensión con su evidencia. Guardar. | G96: Se guarda y el score técnico se mueve.
A97: 14.05 | B97: 14. Due diligence técnico | C97: /cartera/<slug>/tecnico | D97: revisor@niage.test | E97: Una puntuación sin evidencia no se guarda | F97: Poner un nivel y dejar la evidencia en una palabra. Guardar. | G97: No se guarda y lo dice: una puntuación sin evidencia no es una evaluación.
A98: 14.06 | B98: 14. Due diligence técnico | C98: /proyecto/tecnico | D98: fundadora@marea.test | E98: Una fundadora no se puntúa a sí misma | F98: Buscar como fundadora alguna forma de ajustar la puntuación. | G98: No existe. Y si se forzara, la base lo rechaza. Es criterio de aceptación.
A99: 14.07 | B99: 14. Due diligence técnico | C99: /cartera/<slug>/tecnico | D99: revisor@niage.test | E99: Registrar un hallazgo | F99: Registrar un hallazgo con su gravedad. | G99: Aparece en la lista de abiertos.
A100: 14.08 | B100: 14. Due diligence técnico | C100: /cartera/<slug>/tecnico | D100: revisor@niage.test | E100: Cerrar un hallazgo | F100: Cambiar el estado de un hallazgo a cerrado. | G100: Sale de los abiertos y la cuenta de arriba baja.
...

Sheet Resumen
A1: Cómo va
A3: Módulo | B3: Pruebas | C3: OK | D3: Falla | E3: A medias | F3: Bloqueado | G3: Sin probar
A4: 1. Acceso y cuentas | B4: =COUNTIF(Pruebas!$B$2:$B$175,"1. Acceso y cuentas") | C4: =COUNTIFS(Pruebas!$B$2:$B$175,"1. Acceso y cuentas",Pruebas!$H$2:$H$175,"OK") | D4: =COUNTIFS(Pruebas!$B$2:$B$175,"1. Acceso y cuentas",Pruebas!$H$2:$H$175,"Falla") | E4: =COUNTIFS(Pruebas!$B$2:$B$175,"1. Acceso y cuentas",Pruebas!$H$2:$H$175,"A medias") | F4: =COUNTIFS(Pruebas!$B$2:$B$175,"1. Acceso y cuentas",Pruebas!$H$2:$H$175,"Bloqueado") | G4: =COUNTIFS(Pruebas!$B$2:$B$175,"1. Acceso y cuentas",Pruebas!$H$2:$H$175,"")
A5: 2. Convocatoria | B5: =COUNTIF(Pruebas!$B$2:$B$175,"2. Convocatoria") | C5: =COUNTIFS(Pruebas!$B$2:$B$175,"2. Convocatoria",Pruebas!$H$2:$H$175,"OK") | D5: =COUNTIFS(Pruebas!$B$2:$B$175,"2. Convocatoria",Pruebas!$H$2:$H$175,"Falla") | E5: =COUNTIFS(Pruebas!$B$2:$B$175,"2. Convocatoria",Pruebas!$H$2:$H$175,"A medias") | F5: =COUNTIFS(Pruebas!$B$2:$B$175,"2. Convocatoria",Pruebas!$H$2:$H$175,"Bloqueado") | G5: =COUNTIFS(Pruebas!$B$2:$B$175,"2. Convocatoria",Pruebas!$H$2:$H$175,"")
A6: 3. Presentar candidatura | B6: =COUNTIF(Pruebas!$B$2:$B$175,"3. Presentar candidatura") | C6: =COUNTIFS(Pruebas!$B$2:$B$175,"3. Presentar candidatura",Pruebas!$H$2:$H$175,"OK") | D6: =COUNTIFS(Pruebas!$B$2:$B$175,"3. Presentar candidatura",Pruebas!$H$2:$H$175,"Falla") | E6: =COUNTIFS(Pruebas!$B$2:$B$175,"3. Presentar candidatura",Pruebas!$H$2:$H$175,"A medias") | F6: =COUNTIFS(Pruebas!$B$2:$B$175,"3. Presentar candidatura",Pruebas!$H$2:$H$175,"Bloqueado") | G6: =COUNTIFS(Pruebas!$B$2:$B$175,"3. Presentar candidatura",Pruebas!$H$2:$H$175,"")
A7: 4. Alta a mano | B7: =COUNTIF(Pruebas!$B$2:$B$175,"4. Alta a mano") | C7: =COUNTIFS(Pruebas!$B$2:$B$175,"4. Alta a mano",Pruebas!$H$2:$H$175,"OK") | D7: =COUNTIFS(Pruebas!$B$2:$B$175,"4. Alta a mano",Pruebas!$H$2:$H$175,"Falla") | E7: =COUNTIFS(Pruebas!$B$2:$B$175,"4. Alta a mano",Pruebas!$H$2:$H$175,"A medias") | F7: =COUNTIFS(Pruebas!$B$2:$B$175,"4. Alta a mano",Pruebas!$H$2:$H$175,"Bloqueado") | G7: =COUNTIFS(Pruebas!$B$2:$B$175,"4. Alta a mano",Pruebas!$H$2:$H$175,"")
A8: 5. Recorrido del embudo | B8: =COUNTIF(Pruebas!$B$2:$B$175,"5. Recorrido del embudo") | C8: =COUNTIFS(Pruebas!$B$2:$B$175,"5. Recorrido del embudo",Pruebas!$H$2:$H$175,"OK") | D8: =COUNTIFS(Pruebas!$B$2:$B$175,"5. Recorrido del embudo",Pruebas!$H$2:$H$175,"Falla") | E8: =COUNTIFS(Pruebas!$B$2:$B$175,"5. Recorrido del embudo",Pruebas!$H$2:$H$175,"A medias") | F8: =COUNTIFS(Pruebas!$B$2:$B$175,"5. Recorrido del embudo",Pruebas!$H$2:$H$175,"Bloqueado") | G8: =COUNTIFS(Pruebas!$B$2:$B$175,"5. Recorrido del embudo",Pruebas!$H$2:$H$175,"")
A9: 6. NDA y DD de candidata | B9: =COUNTIF(Pruebas!$B$2:$B$175,"6. NDA y DD de candidata") | C9: =COUNTIFS(Pruebas!$B$2:$B$175,"6. NDA y DD de candidata",Pruebas!$H$2:$H$175,"OK") | D9: =COUNTIFS(Pruebas!$B$2:$B$175,"6. NDA y DD de candidata",Pruebas!$H$2:$H$175,"Falla") | E9: =COUNTIFS(Pruebas!$B$2:$B$175,"6. NDA y DD de candidata",Pruebas!$H$2:$H$175,"A medias") | F9: =COUNTIFS(Pruebas!$B$2:$B$175,"6. NDA y DD de candidata",Pruebas!$H$2:$H$175,"Bloqueado") | G9: =COUNTIFS(Pruebas!$B$2:$B$175,"6. NDA y DD de candidata",Pruebas!$H$2:$H$175,"")
A10: 7. Acuerdo y firma | B10: =COUNTIF(Pruebas!$B$2:$B$175,"7. Acuerdo y firma") | C10: =COUNTIFS(Pruebas!$B$2:$B$175,"7. Acuerdo y firma",Pruebas!$H$2:$H$175,"OK") | D10: =COUNTIFS(Pruebas!$B$2:$B$175,"7. Acuerdo y firma",Pruebas!$H$2:$H$175,"Falla") | E10: =COUNTIFS(Pruebas!$B$2:$B$175,"7. Acuerdo y firma",Pruebas!$H$2:$H$175,"A medias") | F10: =COUNTIFS(Pruebas!$B$2:$B$175,"7. Acuerdo y firma",Pruebas!$H$2:$H$175,"Bloqueado") | G10: =COUNTIFS(Pruebas!$B$2:$B$175,"7. Acuerdo y firma",Pruebas!$H$2:$H$175,"")
A11: 8. Cartera y cohorte | B11: =COUNTIF(Pruebas!$B$2:$B$175,"8. Cartera y cohorte") | C11: =COUNTIFS(Pruebas!$B$2:$B$175,"8. Cartera y cohorte",Pruebas!$H$2:$H$175,"OK") | D11: =COUNTIFS(Pruebas!$B$2:$B$175,"8. Cartera y cohorte",Pruebas!$H$2:$H$175,"Falla") | E11: =COUNTIFS(Pruebas!$B$2:$B$175,"8. Cartera y cohorte",Pruebas!$H$2:$H$175,"A medias") | F11: =COUNTIFS(Pruebas!$B$2:$B$175,"8. Cartera y cohorte",Pruebas!$H$2:$H$175,"Bloqueado") | G11: =COUNTIFS(Pruebas!$B$2:$B$175,"8. Cartera y cohorte",Pruebas!$H$2:$H$175,"")
A12: 9. Comparativa | B12: =COUNTIF(Pruebas!$B$2:$B$175,"9. Comparativa") | C12: =COUNTIFS(Pruebas!$B$2:$B$175,"9. Comparativa",Pruebas!$H$2:$H$175,"OK") | D12: =COUNTIFS(Pruebas!$B$2:$B$175,"9. Comparativa",Pruebas!$H$2:$H$175,"Falla") | E12: =COUNTIFS(Pruebas!$B$2:$B$175,"9. Comparativa",Pruebas!$H$2:$H$175,"A medias") | F12: =COUNTIFS(Pruebas!$B$2:$B$175,"9. Comparativa",Pruebas!$H$2:$H$175,"Bloqueado") | G12: =COUNTIFS(Pruebas!$B$2:$B$175,"9. Comparativa",Pruebas!$H$2:$H$175,"")
A13: 10. Resumen de compañía | B13: =COUNTIF(Pruebas!$B$2:$B$175,"10. Resumen de compañía") | C13: =COUNTIFS(Pruebas!$B$2:$B$175,"10. Resumen de compañía",Pruebas!$H$2:$H$175,"OK") | D13: =COUNTIFS(Pruebas!$B$2:$B$175,"10. Resumen de compañía",Pruebas!$H$2:$H$175,"Falla") | E13: =COUNTIFS(Pruebas!$B$2:$B$175,"10. Resumen de compañía",Pruebas!$H$2:$H$175,"A medias") | F13: =COUNTIFS(Pruebas!$B$2:$B$175,"10. Resumen de compañía",Pruebas!$H$2:$H$175,"Bloqueado") | G13: =COUNTIFS(Pruebas!$B$2:$B$175,"10. Resumen de compañía",Pruebas!$H$2:$H$175,"")
A14: 11. Hoja de ruta | B14: =COUNTIF(Pruebas!$B$2:$B$175,"11. Hoja de ruta") | C14: =COUNTIFS(Pruebas!$B$2:$B$175,"11. Hoja de ruta",Pruebas!$H$2:$H$175,"OK") | D14: =COUNTIFS(Pruebas!$B$2:$B$175,"11. Hoja de ruta",Pruebas!$H$2:$H$175,"Falla") | E14: =COUNTIFS(Pruebas!$B$2:$B$175,"11. Hoja de ruta",Pruebas!$H$2:$H$175,"A medias") | F14: =COUNTIFS(Pruebas!$B$2:$B$175,"11. Hoja de ruta",Pruebas!$H$2:$H$175,"Bloqueado") | G14: =COUNTIFS(Pruebas!$B$2:$B$175,"11. Hoja de ruta",Pruebas!$H$2:$H$175,"")
A15: 12. Programa y Anexo | B15: =COUNTIF(Pruebas!$B$2:$B$175,"12. Programa y Anexo") | C15: =COUNTIFS(Pruebas!$B$2:$B$175,"12. Programa y Anexo",Pruebas!$H$2:$H$175,"OK") | D15: =COUNTIFS(Pruebas!$B$2:$B$175,"12. Programa y Anexo",Pruebas!$H$2:$H$175,"Falla") | E15: =COUNTIFS(Pruebas!$B$2:$B$175,"12. Programa y Anexo",Pruebas!$H$2:$H$175,"A medias") | F15: =COUNTIFS(Pruebas!$B$2:$B$175,"12. Programa y Anexo",Pruebas!$H$2:$H$175,"Bloqueado") | G15: =COUNTIFS(Pruebas!$B$2:$B$175,"12. Programa y Anexo",Pruebas!$H$2:$H$175,"")
A16: 13. Aportación de IWL | B16: =COUNTIF(Pruebas!$B$2:$B$175,"13. Aportación de IWL") | C16: =COUNTIFS(Pruebas!$B$2:$B$175,"13. Aportación de IWL",Pruebas!$H$2:$H$175,"OK") | D16: =COUNTIFS(Pruebas!$B$2:$B$175,"13. Aportación de IWL",Pruebas!$H$2:$H$175,"Falla") | E16: =COUNTIFS(Pruebas!$B$2:$B$175,"13. Aportación de IWL",Pruebas!$H$2:$H$175,"A medias") | F16: =COUNTIFS(Pruebas!$B$2:$B$175,"13. Aportación de IWL",Pruebas!$H$2:$H$175,"Bloqueado") | G16: =COUNTIFS(Pruebas!$B$2:$B$175,"13. Aportación de IWL",Pruebas!$H$2:$H$175,"")
A17: 14. Due diligence técnico | B17: =COUNTIF(Pruebas!$B$2:$B$175,"14. Due diligence técnico") | C17: =COUNTIFS(Pruebas!$B$2:$B$175,"14. Due diligence técnico",Pruebas!$H$2:$H$175,"OK") | D17: =COUNTIFS(Pruebas!$B$2:$B$175,"14. Due diligence técnico",Pruebas!$H$2:$H$175,"Falla") | E17: =COUNTIFS(Pruebas!$B$2:$B$175,"14. Due diligence técnico",Pruebas!$H$2:$H$175,"A medias") | F17: =COUNTIFS(Pruebas!$B$2:$B$175,"14. Due diligence técnico",Pruebas!$H$2:$H$175,"Bloqueado") | G17: =COUNTIFS(Pruebas!$B$2:$B$175,"14. Due diligence técnico",Pruebas!$H$2:$H$175,"")
A18: 15. Due diligence general | B18: =COUNTIF(Pruebas!$B$2:$B$175,"15. Due diligence general") | C18: =COUNTIFS(Pruebas!$B$2:$B$175,"15. Due diligence general",Pruebas!$H$2:$H$175,"OK") | D18: =COUNTIFS(Pruebas!$B$2:$B$175,"15. Due diligence general",Pruebas!$H$2:$H$175,"Falla") | E18: =COUNTIFS(Pruebas!$B$2:$B$175,"15. Due diligence general",Pruebas!$H$2:$H$175,"A medias") | F18: =COUNTIFS(Pruebas!$B$2:$B$175,"15. Due diligence general",Pruebas!$H$2:$H$175,"Bloqueado") | G18: =COUNTIFS(Pruebas!$B$2:$B$175,"15. Due diligence general",Pruebas!$H$2:$H$175,"")
A19: 16. Business plan | B19: =COUNTIF(Pruebas!$B$2:$B$175,"16. Business plan") | C19: =COUNTIFS(Pruebas!$B$2:$B$175,"16. Business plan",Pruebas!$H$2:$H$175,"OK") | D19: =COUNTIFS(Pruebas!$B$2:$B$175,"16. Business plan",Pruebas!$H$2:$H$175,"Falla") | E19: =COUNTIFS(Pruebas!$B$2:$B$175,"16. Business plan",Pruebas!$H$2:$H$175,"A medias") | F19: =COUNTIFS(Pruebas!$B$2:$B$175,"16. Business plan",Pruebas!$H$2:$H$175,"Bloqueado") | G19: =COUNTIFS(Pruebas!$B$2:$B$175,"16. Business plan",Pruebas!$H$2:$H$175,"")
A20: 17. KPI y updates | B20: =COUNTIF(Pruebas!$B$2:$B$175,"17. KPI y updates") | C20: =COUNTIFS(Pruebas!$B$2:$B$175,"17. KPI y updates",Pruebas!$H$2:$H$175,"OK") | D20: =COUNTIFS(Pruebas!$B$2:$B$175,"17. KPI y updates",Pruebas!$H$2:$H$175,"Falla") | E20: =COUNTIFS(Pruebas!$B$2:$B$175,"17. KPI y updates",Pruebas!$H$2:$H$175,"A medias") | F20: =COUNTIFS(Pruebas!$B$2:$B$175,"17. KPI y updates",Pruebas!$H$2:$H$175,"Bloqueado") | G20: =COUNTIFS(Pruebas!$B$2:$B$175,"17. KPI y updates",Pruebas!$H$2:$H$175,"")
A21: 18. Línea base | B21: =COUNTIF(Pruebas!$B$2:$B$175,"18. Línea base") | C21: =COUNTIFS(Pruebas!$B$2:$B$175,"18. Línea base",Pruebas!$H$2:$H$175,"OK") | D21: =COUNTIFS(Pruebas!$B$2:$B$175,"18. Línea base",Pruebas!$H$2:$H$175,"Falla") | E21: =COUNTIFS(Pruebas!$B$2:$B$175,"18. Línea base",Pruebas!$H$2:$H$175,"A medias") | F21: =COUNTIFS(Pruebas!$B$2:$B$175,"18. Línea base",Pruebas!$H$2:$H$175,"Bloqueado") | G21: =COUNTIFS(Pruebas!$B$2:$B$175,"18. Línea base",Pruebas!$H$2:$H$175,"")
A22: 19. Administración | B22: =COUNTIF(Pruebas!$B$2:$B$175,"19. Administración") | C22: =COUNTIFS(Pruebas!$B$2:$B$175,"19. Administración",Pruebas!$H$2:$H$175,"OK") | D22: =COUNTIFS(Pruebas!$B$2:$B$175,"19. Administración",Pruebas!$H$2:$H$175,"Falla") | E22: =COUNTIFS(Pruebas!$B$2:$B$175,"19. Administración",Pruebas!$H$2:$H$175,"A medias") | F22: =COUNTIFS(Pruebas!$B$2:$B$175,"19. Administración",Pruebas!$H$2:$H$175,"Bloqueado") | G22: =COUNTIFS(Pruebas!$B$2:$B$175,"19. Administración",Pruebas!$H$2:$H$175,"")
A23: 20. Informes | B23: =COUNTIF(Pruebas!$B$2:$B$175,"20. Informes") | C23: =COUNTIFS(Pruebas!$B$2:$B$175,"20. Informes",Pruebas!$H$2:$H$175,"OK") | D23: =COUNTIFS(Pruebas!$B$2:$B$175,"20. Informes",Pruebas!$H$2:$H$175,"Falla") | E23: =COUNTIFS(Pruebas!$B$2:$B$175,"20. Informes",Pruebas!$H$2:$H$175,"A medias") | F23: =COUNTIFS(Pruebas!$B$2:$B$175,"20. Informes",Pruebas!$H$2:$H$175,"Bloqueado") | G23: =COUNTIFS(Pruebas!$B$2:$B$175,"20. Informes",Pruebas!$H$2:$H$175,"")
A24: 21. Permisos | B24: =COUNTIF(Pruebas!$B$2:$B$175,"21. Permisos") | C24: =COUNTIFS(Pruebas!$B$2:$B$175,"21. Permisos",Pruebas!$H$2:$H$175,"OK") | D24: =COUNTIFS(Pruebas!$B$2:$B$175,"21. Permisos",Pruebas!$H$2:$H$175,"Falla") | E24: =COUNTIFS(Pruebas!$B$2:$B$175,"21. Permisos",Pruebas!$H$2:$H$175,"A medias") | F24: =COUNTIFS(Pruebas!$B$2:$B$175,"21. Permisos",Pruebas!$H$2:$H$175,"Bloqueado") | G24: =COUNTIFS(Pruebas!$B$2:$B$175,"21. Permisos",Pruebas!$H$2:$H$175,"")
A25: 22. Interfaz y uso | B25: =COUNTIF(Pruebas!$B$2:$B$175,"22. Interfaz y uso") | C25: =COUNTIFS(Pruebas!$B$2:$B$175,"22. Interfaz y uso",Pruebas!$H$2:$H$175,"OK") | D25: =COUNTIFS(Pruebas!$B$2:$B$175,"22. Interfaz y uso",Pruebas!$H$2:$H$175,"Falla") | E25: =COUNTIFS(Pruebas!$B$2:$B$175,"22. Interfaz y uso",Pruebas!$H$2:$H$175,"A medias") | F25: =COUNTIFS(Pruebas!$B$2:$B$175,"22. Interfaz y uso",Pruebas!$H$2:$H$175,"Bloqueado") | G25: =COUNTIFS(Pruebas!$B$2:$B$175,"22. Interfaz y uso",Pruebas!$H$2:$H$175,"")
A26: Total | B26: =SUM(B4:B25) | C26: =SUM(C4:C25) | D26: =SUM(D4:D25) | E26: =SUM(E4:E25) | F26: =SUM(F4:F25) | G26: =SUM(G4:G25)
A28: Bloqueantes abiertos | B28: =COUNTIF(Pruebas!$I$2:$I$175,"Bloqueante")
